Voltage,Current
4.939927306490097,2.697495130952204
5.32162774872392,2.385984069943345
5.057554902626582,2.5843004524738
5.176679724192646,2.480842878903156
4.76729998914772,2.5938598355438254
5.211965996303514,2.4983841691664472
4.623248339426763,2.419446376214008
4.922430079894597,2.638010969229465
5.120481909400466,2.569924895155885
5.098135247719475,2.641906829899771
5.570089739981827,2.6286570897582133
4.994702577188454,2.5669853552254
4.69641040672084,2.4248697545895608
5.096594503456608,2.478209329295714
5.088097590719886,2.6192260614164526
5.236268025183961,2.5112337543114536
4.994761282575637,2.4563933978213623
4.798427610889265,2.5313242932693782
5.223954885225233,2.492478351984502
4.954381772473259,2.525079994980232
5.283819016764618,2.712359310066492
4.954629268351622,2.5667648330528916
5.380795350924357,2.5621035582445035
5.331974849177094,2.5314754633660237
4.990359814330906,2.429795744863246
5.318810085061391,2.4662061892532203
5.221749149687001,2.5218457092204476
5.031306411587341,2.522151004483797
5.0162771623659985,2.5900623268675984
4.977594065121962,2.5639003872390562
5.013077791670722,2.5268165074280926
5.129019201754332,2.534352450792843
5.236408093351006,2.485239985981319
5.231566095688283,2.6848433347734053
5.043039191942473,2.606082103854934
5.316567539255672,2.68012762056938
4.955142737489424,2.5744383985209844
5.284426265368212,2.4959027168662775
5.337870970413151,2.583304046236647
5.150400730241002,2.53366436769735
5.262882408743148,2.652587645336744
5.19812024610294,2.4324190925579137
5.453797987682362,2.6127042781987884
4.977042249431115,2.551034836255513
4.943968452838361,2.5119833413107164
5.086808355315023,2.6962685296848843
5.326217968805645,2.4508802093053395
5.039979665747807,2.56864863007129
5.1236418068633105,2.57804271334171
5.178636448225359,2.5994656353077397
5.258792512042646,2.576891417223819
4.818397225370705,2.2875400084863275
5.2685277650799005,2.3844707084516905
5.192485964759785,2.4063891460799023
5.191486966054073,2.515744757289753
5.07406087496117,2.368089336472892
5.132913342305226,2.426983871704796
5.18094783935605,2.435555444548256
5.259784325083515,2.561500845225229
4.997183195384256,2.6399192399436453
4.982922366598054,2.619092936450643
5.144870075088021,2.584267917248086
5.203055416601451,2.2953011404085406
4.65374223435392,2.551583033591435
4.794142892720563,2.5913196330812007
5.184256594162205,2.546113340593734
5.152000327966836,2.570097945961699
5.366247371203993,2.533683741738369
4.905944955619132,2.6019175703836948
5.175422516621393,2.5160757328474084
5.2968377516914416,2.4557866380673863
5.237343293983594,2.5862428592806324
5.011662471276325,2.6269561013818445
5.255493702251418,2.3711651475753697
5.08831449183313,2.563865816196816
5.084068053335752,2.6072777975871606
5.158178802765587,2.483449017254523
5.0473243588211725,2.6531699032296756
4.6375938724330545,2.4587660959146023
5.027868893382781,2.765143401320484
5.26348669824348,2.5906521575343167
5.1496355612905775,2.397228222243838
5.055177586522417,2.4619006590829016
4.889066399693003,2.4889001825067867
5.351845491720904,2.317721794712377
5.241251458847158,2.7059919166640163
5.209412904487697,2.3866967737240947
5.077545169352432,2.5437579506741694
5.283168298770048,2.684722829034206
5.337368771300448,2.4206899299084563
5.1465127049565,2.545613239848145
4.89699591900122,2.6730644125589134
5.018187037776174,2.476299757731754
5.023195197272789,2.6568930359947105
5.34845859161723,2.7168024206069084
5.007785213976916,2.446732283613663
5.036365514882456,2.5392211907946893
5.1074792994303735,2.513732052594587
4.756124013907731,2.6132338966556414
4.898918645575711,2.529235326696226
5.476952211450592,2.5438048746856268
4.827982772059261,2.6140453010846434
4.886197404512294,2.639846221620129
4.893091070639413,2.5480702607417824
5.032898775120778,2.684856843111816
5.224143332625028,2.7134489935978623
5.107239120536361,2.6419913649749196
5.271504008793403,2.678325377931374
5.015694120594096,2.600764233041104
5.375083688023946,2.616341642587752
4.910980372879792,2.571466683922191
5.018821969432407,2.7290571333791744
4.694493523444429,2.431306844502136
5.133165470310483,2.4322138602574372
4.926095874780038,2.5289644194454746
5.354133258842269,2.444252483649306
5.070597521656371,2.636783670093126
5.3673315941414215,2.4442253217586094
5.005518053151246,2.6586120814064182
5.197864883490077,2.500365605477375
5.0309208500155105,2.494459262743184
4.77530007242819,2.6454744201557183
5.076904993185407,2.6445779119322244
5.230994692542078,2.4313669310501638
4.956332509978444,2.5453129702267727
5.066295738824528,2.576202859761157
5.378048267049975,2.5686204071352474
5.106038217186159,2.5830671020892164
5.272179639903679,2.4670986949686027
5.102881566454444,2.3112259979344842
5.341333603465223,2.5157811059476898
5.179774573422428,2.5267026361855924
4.943050060456421,2.5883938335493073
4.9950266419183755,2.4403945116143393
5.0498233015802105,2.760228389729429
5.45253956853014,2.525938619323251
4.679198882272063,2.541822393379983
5.389853971605579,2.5853868106074884
5.133772141554284,2.5252901120263926
4.849110826605766,2.5134704231811593
5.459262090929563,2.5923001673235797
5.152371219557962,2.5383570050427515
5.044284817561186,2.472853567145047
5.019052103246012,2.6214761985133683
4.808613367102936,2.4633242026999747
5.247303388560585,2.5086963335597514
5.180581838261008,2.5075197209580953
5.097293764161824,2.6020865900963543
5.045465498815145,2.5655613451580384
5.370882119454338,2.698331204968289
4.816872335197076,2.6424106949969173
4.938516241687732,2.565740961461085
4.882882449597907,2.5701609633594815
4.710949159026726,2.523904826498895
5.307846886094611,2.581398119093237
4.917775561919167,2.497316333103436
5.079488840047611,2.544412088549517
4.909469553119092,2.577265814266864
4.60444844361851,2.56793266994616
4.910925905644891,2.4984169940072043
5.095389146221045,2.5243252902970834
5.145260308694073,2.547687960496612
4.906992056114122,2.594389112628078
5.130772643939872,2.4392831823801506
4.9158896677531985,2.668336644161722
4.911993584454942,2.5544935896849736
5.3373369763736545,2.5639248731983466
5.217344264538208,2.569117978312976
5.241097364125059,2.560198198716409
5.258943852629524,2.5198988973897083
5.023983817297185,2.3581419707338878
5.225521806157723,2.454386812843155
5.120119217388534,2.423249356259838
5.624324656293548,2.469506438874262
5.2151640949255835,2.5925803316542577
4.928304691860635,2.3893500437012656
5.163011724424314,2.561585703413298
5.15194880591226,2.4388709305154608
5.2392460432624715,2.561073296613324
4.944532964657062,2.6013643043056938
4.818661537056832,2.488067351025965
5.147181882239893,2.609226829187934
5.259764823269119,2.396481422798176
5.1645233639528865,2.4067687477191915
4.820586467875066,2.613305357763589
4.881221244500348,2.5691203191439578
5.001962125415535,2.6295412714519393
5.149678547344835,2.496178216393485
5.269368541299368,2.438374883026119
5.1221649126690805,2.6457797785845014
5.051823351726858,2.6563302686002417
5.057781020179385,2.413674603924083
5.1152209129829656,2.5909662164422196
4.7543836962045996,2.466000879173395
5.0344513845063075,2.6037156322637767
4.999446894268583,2.535296355370936
5.326495729861882,2.494920803361427
4.970880293000066,2.470904510172906
5.1100269009011905,2.549170819300588
5.073224982762411,2.533922427065244
4.821316326505749,2.584268022608995
4.85162940597167,2.5761130947003643
4.915799765431052,2.4816990027466423
5.031390561674065,2.489462079967586
4.796515789404604,2.551128123136185
4.79235702386641,2.4737126671571574
5.303081799181947,2.570018398671083
5.110599715922886,2.577179195846137
5.17603669692005,2.6658546487549417
4.956434387766794,2.5240938943743476
5.109565373826785,2.6927763412411774
5.032031897850787,2.297792454004518
4.863749850275297,2.480789881460372
5.115595822648153,2.4765060325886075
5.074049749388498,2.7420558978039207
5.028967452479121,2.5662076876791953
5.074865308866615,2.7129600459411938
4.981241801148267,2.460369004313338
5.344463235966463,2.559496211555447
5.2350124421074105,2.4110688243703886
4.92193152528804,2.5288366252929
5.450680277973651,2.5292452577183435
4.793458226705033,2.612060603776599
5.191732395181573,2.4152569260266445
4.966728149362743,2.483843137070792
5.460349675013574,2.537530739996202
4.766790627162865,2.491583506702176
4.903347983966146,2.3388861296276025
4.8008985120275565,2.4322715014148475
5.061648537526107,2.573546461893158
4.9439736836108725,2.5071237765303422
4.92532225716223,2.62129793755336
5.208469831158308,2.5023932782890457
5.000528729703551,2.511442788693613
5.042247213619566,2.5101680092305436
5.160314754346329,2.6567982804724886
5.083959847237758,2.6355155882927757
5.059288381712123,2.3188251725057647
4.8991110000968465,2.4705852055590145
5.011685180768946,2.543723426306568
5.016199462668937,2.465943373847882
4.806143161224537,2.553372240313889
5.232935752142205,2.480553833527094
4.843500443584991,2.4377086632143055
4.781122045642779,2.5878770931262656
5.1158857679973435,2.412858833206048
4.931334465077949,2.429922145701827
5.120097824642944,2.3608075264968433
5.081150347605726,2.456745507427972
5.26122611343687,2.5069760205146654
5.325494317041859,2.5527431343581934
5.361831673335824,2.56347133742675
5.317884098042922,2.348625252636182
5.159138907617735,2.5269820050266545
5.3592165163497745,2.5970537929343642
4.870219423294569,2.586903660190993
4.996754526853044,2.6045275506502064
5.312539496168716,2.50121932169047
5.190947275142633,2.547730430063412
5.118064941207442,2.3783992490240977
4.919886443640609,2.6003613771805987
4.956205036459835,2.4864388142455063
5.08654551307794,2.517095173675346
5.364009409193975,2.385966801910372
4.928108686856158,2.482062418317018
4.915905037890229,2.335220031341896
5.119272977918745,2.5584019460118963
5.005024175100373,2.4487239337376234
4.600292260484228,2.472085885728509
5.164217985724662,2.4986877817871758
4.768071813289601,2.5216094772180884
5.540595970900265,2.525252188688281
4.974268015434453,2.6237919625162087
5.248305824173201,2.666403155355279
4.9390506227434825,2.623579783625212
4.856104598066548,2.4192417982492502
5.183365912342037,2.4889789150283907
5.084806634812215,2.4400193458647665
5.249682462584578,2.4863487974643985
5.34823785281329,2.5550043421906135
5.2067311144743496,2.61695895337841
4.9914496571214775,2.511325902237732
4.961206252284931,2.488861869616338
4.882852562955593,2.3800337390013597
5.322331619524966,2.5061051717956206
4.654443906665401,2.511946876325499
5.167725856587002,2.4693484162608503
5.118659982422634,2.6865803910055965
4.808214892784512,2.4865848070742116
5.139168931635136,2.6197769064121745
5.039634704598764,2.389322585944296
5.264743144727183,2.7076804404936063
5.007382560823679,2.6103523088953837
4.686153080513257,2.54671883391081
5.130862936070612,2.4839868142352493
5.035484388827277,2.598583709464128
5.064244981964969,2.4640657952593816
5.319919157960245,2.5283269286498693
5.087382859889988,2.4398307769409384
5.027667335828062,2.5624141240367404
5.373119344912795,2.438676843913486
5.385088835605967,2.5794094085985346
4.893303346903112,2.4896331373292147
4.931156419942286,2.487214441963564
4.989622392678959,2.473009500694737
5.187962294124824,2.415365011446979
5.062657227000265,2.571679073547891
5.307299915376568,2.4571108829625348
5.01851259525193,2.479902412398738
5.1907698962497415,2.402854155622195
5.004261433953153,2.5673518632659857
4.857337789306759,2.499442292128879
5.248304841624433,2.477541276317612
5.000888994444652,2.601850531437717
5.000513885103602,2.521763911761802
5.072259716170057,2.48615913142783
5.052341994845279,2.6761864794735755
4.939182108348033,2.5608544400822044
4.846692675091148,2.575066862732949
4.8408347230880455,2.456552613848336
5.301880021475624,2.6467089455707233
5.306754775973507,2.6560722669301797
4.962786905681164,2.5242103756662493
5.116176166474959,2.5228565062043478
4.952333621702995,2.5797461713167533
5.104366655484433,2.5642473632083833
5.315794516484161,2.5339487455786003
4.937597535299233,2.4188275778955264
4.853837917666766,2.530325432393
5.171409315319828,2.523967192348444
4.871492879449134,2.5547274147432337
5.074202152374545,2.61112693854051
4.830260507118735,2.4447700989914094
4.987688286914513,2.680736026142639
4.929762816571534,2.1653482574374148
5.059339839332741,2.632661512069051
5.252459099722497,2.6297989754585043
5.220230767376872,2.5770010039055062
4.9769607272361185,2.354281160630861
5.033832150005064,2.5747051283813582
5.266055830670727,2.425007006859234
4.799320682054334,2.5305883108762015
5.205194847702463,2.585916275612328
4.680038976720717,2.3787241469416567
5.10666094594152,2.5035962247203996
5.136976826611804,2.4889683828755245
4.6264180821525125,2.563682290467996
5.17201756507272,2.502308757924527
4.919273334682924,2.4545418688830325
5.073785566915648,2.5217632862902266
5.593735030080795,2.5463059685594764
4.840255430983679,2.4896003328494527
5.052864451078721,2.4982470987087875
4.944838158007832,2.464104729985188
5.205661422504414,2.5296648974540537
5.315891944345701,2.619130874671236
5.245917644392069,2.5824266514769625
5.201906917975311,2.499679177904518
5.0151102904336655,2.4546646256603273
5.130034925660945,2.579936371550276
5.210380227030868,2.6316837625533682
4.9018413893287285,2.5261147148402268
4.9115186417488355,2.5720261893208534
5.316052598378148,2.4798977532898414
4.976548353513663,2.477700550921233
5.0413384402896,2.6225322382079908
5.386149640801144,2.5713440080015992
4.975913445506566,2.7292036116969016
5.3914319571472,2.540813355433819
4.8761361153983325,2.576611156927002
5.180091915916038,2.5326121864130178
5.04678056717886,2.4588079363340944
5.066207671630802,2.472563400417023
4.97171122341186,2.3702624372195213
5.158099935817801,2.655299346812759
5.218761018778,2.5634697932185198
4.955180551421329,2.421544422783621
5.019125058234628,2.6883703025641723
5.223007526316937,2.460586444105104
5.374024582298958,2.546825640217989
5.086006044239274,2.75748364864568
4.864764602087701,2.410844999915264
5.0118336757536275,2.4742284668068755
5.063520355141089,2.5033295314389195
5.09962935823542,2.5387363535937504
5.42357946988679,2.5034359319303654
5.1644620129832095,2.457129251184043
5.283142788401629,2.520785860571941
4.912353977746636,2.528670422858978
5.039765150227502,2.406452224537783
4.7787341470255305,2.6039317991994806
5.361831845585301,2.6435934189013026
4.791650917893609,2.465167455080995
4.927367588024579,2.446070571147437
5.079100566387153,2.568330664449895
5.088537958963193,2.608606641749641
5.426656487059073,2.517106083851414
4.949148101853361,2.571451473782369
5.051707389976567,2.5135865192984186
5.317784567409021,2.6925438823143413
5.1140061786041775,2.6994930556677224
5.34068923901761,2.595581305301649
5.185556113195815,2.526015577822533
5.314436982365405,2.5819145036891062
4.703052431215229,2.503225015983885
5.000521978650868,2.644855925411771
5.442183431679144,2.6642732726324443
4.710127615033295,2.4559517259434758
5.116535389759942,2.686236547184697
5.021577051450451,2.7430866991600147
4.93410098237528,2.693094943695712
5.32958451866754,2.3724517498168933
5.04808822482671,2.4424305588162216
4.867130299817724,2.6593226336333435
5.073424786103751,2.626550448866398
4.934436874710606,2.4924815744880227
5.2534823196595815,2.437880265056422
4.9664115603043655,2.372195175490663
4.85144185752996,2.599218777828848
5.119917728194878,2.397274424487366
4.977377392223902,2.4412037277208447
4.712712375568993,2.4137122731579748
5.225620860691007,2.55661966648439
5.244757576187651,2.402472245352138
5.32737868670433,2.374704164795984
4.817548953237976,2.35008561013612
5.182661572798175,2.4231771728770006
4.969630461486977,2.6119401886664484
5.010320746460365,2.384537148399196
4.910870682618961,2.4891859272423216
5.117963596523007,2.54690780301191
5.166199827988865,2.4988213167103734
5.006548821469319,2.5639860475807454
5.177459684152795,2.6409956020821994
4.7776872905418735,2.57819694351348
5.006547612224359,2.5900815259536047
5.175592119135293,2.6327514149298703
5.06180532954709,2.6745525171687747
4.9751719654760365,2.662254475185351
5.094096072221735,2.465331869280079
4.650012741140778,2.6337226377585545
5.214128319015272,2.5780706180877555
5.191452184395881,2.440068042315303
5.213803445913961,2.537346935959687
4.926907376664827,2.6668311700562124
5.076713308438709,2.659576858083441
4.816143806051149,2.6553540561403874
5.087645079957442,2.6643920602157207
5.086744196590616,2.6985581380596377
5.325606051038531,2.4522908264786274
5.1949748389380765,2.6093206338593493
5.1960206138878675,2.617108778100893
5.217412899066936,2.4069804594288997
4.928631988581617,2.525609581797472
5.166708412122476,2.6018971053977498
5.4005441860219285,2.5040626534134973
4.892173410338287,2.549705848460174
4.6799652634828055,2.498438378068847
4.940601868483041,2.590022564289383
5.244926626976313,2.56696013813743
5.1803915190978875,2.7093582036610737
5.177830931931297,2.6118413287362587
5.1364234308465795,2.6372101172430322
5.000249026451402,2.612335422045846
5.192259572259373,2.4068966922459794
5.2473975137831745,2.398937508861343
5.005039225033555,2.664172565526608
5.1331621444823075,2.425587721198652
4.95177867443726,2.509610287286623
5.018684695477712,2.486825774496304
5.190081394660415,2.545395727356765
4.992066353239055,2.6208687548787735
4.897696428275244,2.5376129558580742
4.831904370240406,2.3703361087464874
5.037540832297851,2.4136485692175587
5.1159876601263115,2.694506663989093
4.938161204297773,2.597298057479383
4.720018857809525,2.511043774639428
5.150748773201422,2.5448335424873942
5.203352051086301,2.566113628122748
5.27870115199817,2.4122839856208094
5.3809702951682805,2.494753064280533
5.4375981262646595,2.408721209820645
4.63893590149429,2.595008234962753
4.876611513127165,2.6699878774399712
5.012030194638999,2.4535983772992433
4.978880143053324,2.527534861927727
5.122240639595488,2.4940087061652814
5.073197041664201,2.5200083183919837
5.087635243245077,2.5538463979711894
4.970110361397033,2.6001681427024357
5.376555119094496,2.659343664098996
4.914485596248189,2.741826244297625
4.666296475406471,2.414097415565298
5.391022070421858,2.5951525223460923
4.962248072023197,2.5150721632622557
5.062659253383231,2.4909185478228353
5.383120488620763,2.368367713554277
5.164818762648158,2.411456624107124
5.097392256218664,2.5369200497008166
4.816921124771088,2.5638626568948792
4.942118152141233,2.4753191111914146
5.119276047947034,2.4983683980882887
5.233943354420248,2.4587676740438438
5.030811928531256,2.519742051690787
5.08570885583224,2.586018985260751
5.37179149060845,2.558600424911227
5.020789040725267,2.5776942732332677
4.948783206455457,2.4795359131676498
5.243339200161655,2.4665355566838962
5.381282331650459,2.587880876367596
4.951772246675784,2.510035532075322
5.169459264181057,2.5566346276726235
5.02288486864352,2.4378752797539636
5.03906355645553,2.550233991599153
4.957582235781276,2.4929700156966974
5.512575524670679,2.4144122981225933
4.853787486746165,2.5352020594751568
4.896614347481666,2.573852599963922
5.0237065912780725,2.5136378162044304
4.836059603370838,2.5854470493633634
5.247302618238766,2.5207738657914973
4.882501244462047,2.4386067868319867
5.12406143830396,2.495516036806885
4.676558847896195,2.5415595114546043
5.1697872897746455,2.471275278238467
5.1770914663012295,2.5349601257612058
5.2652498864799835,2.4443417457076553
5.033511904442948,2.521747380384876
5.035879305917238,2.6255518639708635
5.3010667932166395,2.466246930620697
5.006217981072046,2.538086601229738
5.22444499141917,2.6166366131099856
5.29357655616726,2.6091021660750964
5.197159310983959,2.3740283249884016
4.86292866634244,2.538301798410557
5.117871934249181,2.7948586684875196
5.084642844277894,2.518509355881496
5.108572065722177,2.764723060896082
5.426355232702514,2.4495370576223428
5.56073020262708,2.6129282260473623
4.961985635870614,2.6111929627415367
5.377016552094841,2.5158938226262677
5.189374872498316,2.602009170830458
4.979418470851712,2.5667199629641013
4.892515088659932,2.614276840806724
4.665661799267687,2.5859484133765216
5.268816072041216,2.5456633004820226
4.903542420590695,2.70078807921819
4.8131760951214675,2.582263981129959
5.617789620792656,2.534284323944854
4.939383002900877,2.4121109324762595
5.164675220405499,2.394303012853204
5.180390830640313,2.691652428683259
4.874121110043745,2.5597772632872027
4.939462343042448,2.446721819129359
4.8707114164111625,2.349852285288374
5.163859274130208,2.6076152259921774
5.354006409401314,2.3999955320767232
5.156640068106649,2.5569456413865743
5.20983562070452,2.4977902907806464
5.2061529611869135,2.453200365855393
5.452496506405366,2.6508104061822446
5.091172706830406,2.5895190233146446
4.83046687658949,2.510540389073904
5.03158420595014,2.4951993675223596
4.923579941838779,2.5627751910639156
5.043743495703456,2.5592022982680858
5.009414311001073,2.3921102167237493
5.090664301769352,2.470250060662353
4.9424566611231695,2.729327972342216
5.070700553461002,2.392010087956192
5.005191705710911,2.425046387791612
5.299386536922437,2.5433563196688795
5.097884427966643,2.449390162313505
5.0444279396934855,2.537139358824815
5.09744081160195,2.4509528695431015
5.079226076887062,2.7160904858200965
5.048965632163157,2.4370436166013065
5.407620946256861,2.5064030625691998
4.985656261939662,2.522201501935072
5.171573098972501,2.3472368058321513
5.043635613657848,2.3230433452902184
5.338069927751008,2.594739344861612
5.079064712838759,2.516429525330115
5.057407952955629,2.589061334583275
4.909096419124572,2.3477383288701708
4.8132201107142505,2.5611432926542297
5.27887003170487,2.4888833166631974
4.902294846896933,2.5623826987042175
4.736625547800636,2.6035669970732154
5.0247733388584646,2.4478058083305885
5.170946042240009,2.4658917999548615
5.5057737570412835,2.5689745764859278
5.253642728710936,2.587285035195072
4.941715868194118,2.5055387290800626
5.146244833509975,2.511485179001704
5.622715272318542,2.474840229425922
5.574741074403715,2.6419877258332938
5.171194727971152,2.432184610898344
5.124204909262752,2.5988740671287704
5.484650375154337,2.6335907018261433
5.142469833209667,2.6057876509723803
5.060258292381015,2.598950379869473
5.19658536122788,2.510013175104962
4.994413864596065,2.418449220634427
5.009739447826066,2.4895420621738706
5.294402085625148,2.4442552132958872
4.962700050139971,2.642368904313384
5.122091497022067,2.6924733020215217
4.958744649970365,2.585476045756267
5.181747099306348,2.6738984454357704
5.29400848716856,2.5677444484472836
5.0199545123150715,2.5422134995459897
5.063307577279657,2.576304263498411
5.193048312096529,2.7767311297065103
5.393434592201303,2.485803322455784
4.894310322545968,2.470001861340157
5.066347917248659,2.5488836485387014
5.250041061107307,2.6308623008850613
5.1102735929584,2.5650754550889037
4.903503698722363,2.621070814389141
5.228889104637736,2.5906244427828855
5.084316711640613,2.4492791348217993
5.0970985499581705,2.4822833592767726
4.550268738395825,2.6268829677660457
5.154945744665746,2.6423191468198297
4.95710675239565,2.5372499656615948
5.13759330735575,2.531563977825236
4.7908678869828325,2.5078883487304298
5.142160503683926,2.547553119197489
4.573230190327273,2.398437516845049
5.232990808057749,2.483555443259899
5.287318101194077,2.566868006608784
5.1517677845821535,2.4593628737913455
5.343171296359716,2.69445022653792
5.430788928729706,2.5536628577466516
5.031222831956745,2.5384400689912745
5.028519507015261,2.5265508001064623
4.815481622122249,2.5525515164775583
5.185109564269594,2.5564115122458793
4.854297661380629,2.6215504192389396
4.788391182869073,2.580326129221289
5.1841827817395,2.59046232664458
5.169865240436005,2.5233503647327207
5.230331590019876,2.4667353133648637
5.3851213106804945,2.6629298005183224
5.089726355634065,2.737805709426261
5.092094909740037,2.566363371217974
5.209542429103645,2.377516255001683
4.660788546608022,2.5971026791365373
5.279001470060695,2.6364447445386565
4.975013808517744,2.388383880237566
5.01794855917991,2.414819615363815
5.077236540699511,2.562390476320405
4.762631899383857,2.5835122058032765
5.058493453731942,2.5751357544509363
4.949247153053839,2.7301886558760846
5.183518628890152,2.473235892731936
5.230148669894562,2.5311147408116845
4.742535257758681,2.4589566013283473
5.084643448780752,2.4341415250637772
4.9658985721311195,2.518401986171299
5.34332888798566,2.6187496709011
5.2462735511465235,2.4051074461887505
5.30684510985178,2.6097073195789493
5.237742685038013,2.3744850840098275
5.219120477866845,2.6164027007331105
5.363540640805463,2.607737946357058
4.938120002533621,2.63406585547384
5.193311234534079,2.395464074762487
5.389723989052215,2.4064803339755545
5.115966353298174,2.4500919309784335
5.185311901816349,2.582817136940266
4.943215572216672,2.4859304427001745
5.213517750835392,2.550777845543246
5.003756749154911,2.5102892369145824
5.022738505264365,2.694146052183677
5.068296501603549,2.489207966981582
4.64825146575054,2.4560799695461606
4.883851373148842,2.3918638305224236
5.348946339610794,2.2831349845193905
5.137604298684357,2.3776099530610155
4.896994925140484,2.4574946458200153
4.894076853698546,2.5046460600795637
5.011543881906927,2.683528928137404
4.900092222097203,2.586690232982329
5.271671207059828,2.61320447999178
5.047970736422578,2.6483308257838813
4.983271577831735,2.48586459717763
5.232795770981569,2.5594364891707064
5.269123214286257,2.4205115551660805
4.814882196808085,2.4930687211155544
5.020420246630413,2.506960716249776
5.243795470443727,2.4668782528454005
5.277719211358902,2.4956314102746284
4.936628304590492,2.5631411802904904
5.139589512020787,2.5169184627109007
5.116082811009678,2.6458427472221944
4.786038471277135,2.6393060872930922
4.961091715915473,2.4776926540855557
5.429095613423472,2.547644315970967
4.844184298076543,2.638120554106269
5.471427870274121,2.3828920209781077
5.009537730307958,2.4828577505684835
5.4107709279384375,2.5228364533641807
4.896408199760303,2.4138526570053935
5.307735846211343,2.574823783946821
5.068951162768897,2.4444704665048063
5.004118312057345,2.4537416217653663
5.1736176779005945,2.575495202012427
4.940747994666485,2.5893633320278227
5.040363610392281,2.3984038405319996
4.983335672003892,2.4751561325780016
5.199932318939191,2.535069070687966
5.151458125403192,2.612992337670354
4.871671354360899,2.534681015146646
4.993095675831477,2.574970978990153
4.928328280202042,2.547584241637304
4.9484542512030965,2.455333270397883
5.027066583100285,2.6579191086034952
5.108881773534781,2.447335993062182
4.985136937679215,2.5198627432510046
5.191084771006468,2.511911191834923
5.268456375977061,2.633942140762832
4.9062661702405395,2.339022830224214
5.209572925577465,2.5206434988721163
5.1970041304210355,2.436449451927649
5.261733251644415,2.685347314372454
4.992395247028745,2.524414104965096
5.23439327012217,2.5986404533643217
4.869686630048066,2.4941282881127136
5.109823153912458,2.461324624687359
4.735567646602769,2.5063214688424127
5.125757897734869,2.547671610278324
5.148231455146308,2.6214319839795444
5.325739772114077,2.538650611083981
4.781545450393767,2.6290550488944695
5.06324307612114,2.521102807983671
5.243171523044269,2.7187195749870345
5.048870745422475,2.486570842900982
5.167829328359591,2.4765291003003997
4.947217158197423,2.514876283801274
4.9871743643960205,2.4378306924948827
5.159049719717796,2.6297999597566055
5.447846100231485,2.5890093800989016
5.363364541929574,2.31725289146286
5.138396901071217,2.6169756892544225
5.119779911279053,2.617386949250331
4.952016883454873,2.525548356186936
4.968934052237862,2.424861987285114
4.864275021219934,2.422516140324658
4.978071869267322,2.4257980504516112
5.122285239868635,2.445167529179235
4.961790205419137,2.5169526008938314
5.346001251977917,2.4705243909528267
5.1903794197524515,2.5917563824321443
5.098577470250406,2.563790053856545
5.0323713066942295,2.685503664843153
5.100304274517701,2.6984983845814248
4.992559269140119,2.577793667871365
4.851288165213962,2.5344643037328165
5.302673756437816,2.6564955862302804
5.328802672776263,2.5595429242648757
5.181604030849421,2.6550716497285336
4.960546016197982,2.3706251767177395
5.281095659119591,2.564601208667174
4.9067833348577805,2.5775570410956137
4.926241860033355,2.54227729241294
5.183669550282428,2.3307336348949645
5.124812742537261,2.619278326964297
5.071747471176566,2.398639060880968
5.17873305252887,2.4764110813559124
5.385183621098596,2.420041355193824
5.126211343137802,2.4969897806792325
5.120729186659957,2.5041151347154225
5.319704001425635,2.559270316147577
5.178145588086006,2.4873955549103655
5.093366393607758,2.544710369732697
5.2717865094148655,2.669748435681595
4.755128917282972,2.5138937353006674
4.85403849605819,2.5704443162272304
5.109566300687548,2.583634323626178
5.186975797424907,2.6195244986825603
5.040475350404985,2.4216072337707493
4.941386221640277,2.455269342174826
4.757042307043697,2.5169002744327518
5.295739979294899,2.5696571270642106
5.019917720963963,2.4924944922209553
5.257585442671498,2.4745061029053614
5.544587735292055,2.662415124990755
4.839654310669057,2.5455908014965147
5.487042305570796,2.4910259418668557
4.990881368209139,2.3404729893025578
5.253091784409744,2.6959069491527603
5.071818249184038,2.5000547539915083
4.999259451172238,2.585262733741932
4.923989848167807,2.552339542967832
4.900949984930704,2.584342042157348
5.045951812044198,2.3544196267715285
4.919498230974267,2.583233905065998
4.967622785165147,2.464967313000891
4.995671061980001,2.6456664419481615
5.017723494730479,2.5079473015196823
5.041291903808306,2.4963163291517025
4.823574362506937,2.3767919115016944
4.793906451595814,2.5071326339215774
5.133765336547994,2.4966602101990807
5.255637655621287,2.5880648686780736
4.750623934425778,2.3689953319099115
4.944458670254779,2.5020579705330945
5.027644231556571,2.5320780065655626
5.262580132256085,2.4141721328313053
5.0232252200943615,2.544380326011098
5.456389304126614,2.4956488595805904
4.854777552157236,2.538734360771841
5.632312832205906,2.446685243397734
5.044722999899225,2.5799166087775625
4.776736089465155,2.5304757409239524
5.107764423483118,2.5048610995578495
5.210242028067441,2.6603281587265655
5.128524585929784,2.5806133905484803
5.002771125727121,2.5188576203919686
5.044276719458892,2.6202948038740805
4.971787362451655,2.4070226565422668
5.243404673413153,2.4571493500285095
5.115729016687887,2.422061622153894
5.111931703544954,2.4976073558295573
5.286802818395434,2.6131636376023497
4.935645983190419,2.3957735891865877
5.11174562938997,2.5363559724139906
5.0438907498992815,2.511347751433461
5.064066618469761,2.5338228501983595
5.3005546938470305,2.558838683878173
5.103313183720091,2.4167286165654036
5.47661919982073,2.5570112228554382
5.511022309381581,2.4601394561577443
5.0107946767445,2.4772056892029743
5.435887401075534,2.656251413636084
4.811503365721962,2.5008397117362655
4.779688964946984,2.453649648916612
4.607922230382406,2.552783656673468
5.25196610763415,2.5447486679791114
5.06578975253951,2.510653591849143
5.143784996443185,2.449084681225078
4.998973307513793,2.5532690014941584
5.1422803118172675,2.582580679625868
5.207323179842933,2.4947488281021797
5.0035546666101824,2.5590010781055543
5.175301051563076,2.482284225168267
5.035257117542103,2.7048003937919405
4.987580438497927,2.568145357570037
5.023711153818291,2.6548233608321286
4.75039283652224,2.487969654716754
5.194359780867117,2.572490320598089
5.240986362466482,2.5710820074700966
4.97959657374023,2.4585209035727726
5.032304576998718,2.5525142601324076
4.933494472453036,2.343167104037289
5.304533063256661,2.551594613609024
4.975487604079083,2.4460558220572826
5.141593758667407,2.554965001540857
4.954233781117733,2.6455457630934522
5.066219111314127,2.7249805026932714
5.268369138274344,2.7505889515391075
5.1467122629349085,2.7124697476262365
4.926451285619392,2.4972682464024007
5.04169463311652,2.4737361162940226
5.025914156113077,2.6222870939738123
4.947199359714231,2.563581015536123
4.994333152637836,2.5535168546512512
5.1454012821749275,2.4723114692857218
5.041538789321418,2.4646333120489574
4.900720724678936,2.5725393450554956
5.077611760237953,2.4036580364525126
4.793086100792928,2.5508853098202615
5.025640764423264,2.524009796173083
4.887653699735726,2.497641818366566
5.194570614638128,2.611264497842762
5.171141187600616,2.508123186074517
5.212500617666533,2.5211520952672855
5.056452929324254,2.5962411963720458
5.112186250391635,2.5687068472932952
5.104702412452872,2.4675604788859604
5.294541315561097,2.4819590593298906
4.73667129808239,2.554137926529891
5.232760980374386,2.4415019464404932
5.507244448776605,2.5004013325769865
4.853312997877399,2.5909230765649016
4.900139597693954,2.6312381654885697
5.166738343047231,2.6504779039185955
5.175162289221989,2.530000331316617
5.306403039276776,2.5699723807306993
4.96388947855991,2.4087294240354766
4.871088711789163,2.6673737092093184
4.756174972719099,2.469591536229352
4.930545201170419,2.4912825505709097
4.966539443245735,2.5894584571639254
4.684143801775413,2.5609953224164372
5.079690017339656,2.533333097926943
5.108870979342821,2.611605489721603
4.9960546531921155,2.499989772124993
5.008095991296507,2.572181636967449
4.762079789388261,2.4604299204624795
4.964785486415557,2.5098109429613458
5.048055243386498,2.637532015287314
5.122278698002312,2.573556056259066
4.988526163307914,2.609649821205538
5.139120639692111,2.516299118418118
5.035007289761241,2.5646177833881003
5.457116944839995,2.5319137334223623
4.9204875956330385,2.3955550870196727
5.251688584710638,2.4604307151754736
4.923085969319165,2.513063393836185
5.465321572620086,2.5937559394337644
5.019028396815957,2.6175357372438786
5.339885536342762,2.5667355540300076
4.94013014322701,2.491833350614798
4.913442745001305,2.5020574881348474
5.132045417089418,2.4680058807741965
4.932737607289605,2.492187960427708
5.440427327025988,2.5403807617112695
4.940674355084346,2.590802292182313
5.192027172349402,2.4928022724866357
5.072693646946563,2.5656589074430483
5.19951008206905,2.4255869189145214
4.8984997151270475,2.3309491574795596
5.0962831233513715,2.513772183071073
5.097240170668321,2.6496960637474354
5.193672024233404,2.5851553022040816
5.227166945405989,2.5906997267226464
5.15171024115315,2.4342924700585225
4.9822804542433206,2.620373172046494
5.078500844972516,2.6894009666143104
4.645385464054692,2.692396329141897
4.843811863091259,2.481966189658656
5.215543260466231,2.337628779116045
5.358228784254651,2.5540496674781483
5.10344100984569,2.562946881382967
5.231007155549549,2.5875500086082117
4.626484698478106,2.530470909903987
5.071367391916398,2.548158074534959
5.536694513218879,2.648714526609513
5.085677893423806,2.438384099354941
4.995590717901335,2.481944595448496
5.03148412730729,2.382166097833006
5.296913981297776,2.489183948308794
5.245693441692769,2.4108075218765723
5.057055258882998,2.6413973984142367
5.266120337092479,2.523237952626484
5.135353104045628,2.4912518096454486
4.921829447170616,2.412808765296935
5.026092517410499,2.6941852032322275
5.187002039907133,2.4906995909789607
5.215671257376657,2.493834997639194
5.067746894130075,2.6594782824875343
5.200996357125943,2.4856667350215926
5.076886372923276,2.59011359852833
5.304144662436435,2.579202805881707
5.489849924975281,2.419195780614398
5.398307223791545,2.5887882416796044
4.924582612889606,2.5858364451389035
5.157533183819927,2.433368905191667
4.992951792956749,2.5267786920238855
5.055296037624309,2.284507312230743
5.017173675510238,2.573708767178535
4.7025321939778015,2.43701868803857
4.91724036088671,2.6001239352717995
5.406163716580311,2.504364761346514
4.8328167867335745,2.5683088686927906
5.1504899766079,2.679471629927004
5.344650116962678,2.435770070533838
5.243629710659701,2.3937147069293827
4.7658095078581635,2.565667814767961
5.063961379978893,2.522881278578414
5.2677090480727005,2.596232925029037
4.979585048544645,2.41209371888306
5.077248260098537,2.587847479659311
5.008728335228709,2.535739378568215
5.098501395590495,2.65695089217486
4.858150108337547,2.51518556586735
5.335496299285275,2.6420163236816228
4.858991083105234,2.5779168776393906
5.254294595414927,2.344037453597348
4.920508610163583,2.621442594371393
5.150513237511353,2.6865304845394706
4.816246588685653,2.550302488997716
5.369640320881426,2.7310204356811307
5.281890382521807,2.614891984699284
5.386798486367544,2.643027868415407
5.188432968206069,2.426709893547054
4.715704646274855,2.6632093384199473
5.0023222663266,2.685584099072697
4.882391770912926,2.4858870348946347
5.1611927361407135,2.495278906387029
5.222205062277315,2.506997196578212
4.908109321871205,2.542280724037256
4.989525352134126,2.767680619891281
5.081723164508316,2.582833884387718
5.385949698480609,2.399215169274997
